threshold_family,quantile,threshold,val_f1,val_recall_abnormal,val_balanced_acc,test_f1,test_precision_abnormal,test_recall_abnormal,test_balanced_acc
global_quantile,0.95,1.6130810628556937,0.19647355163727961,0.3786407766990291,0.6328044309027061,0.35910224438902744,0.24242424242424243,0.6923076923076923,0.7955009870813563
global_quantile,0.975,2.0552814908918506,0.22769230769230767,0.3592233009708738,0.6386098774357916,0.4152046783625731,0.29831932773109243,0.6826923076923077,0.8037504762234613
global_quantile,0.99,2.57215557911569,0.25547445255474455,0.33980582524271846,0.639761068649728,0.47333333333333333,0.3622448979591837,0.6826923076923077,0.8132056765836595
