fold,experiment_name,best_threshold,test_best_auroc,test_best_auprc,test_best_f1,test_best_balanced_acc,test_best_loss,test_05_auroc,test_05_auprc,test_05_f1,test_05_balanced_acc,test_05_loss
fold_0,local_global_pair_resnet18_chrid_weighted_ce_fold_0,0.61,0.6935410639665702,0.2653310215860157,0.3417085427135678,0.6210382513661202,1.5736515456683016,0.6935410639665702,0.2653310215860157,0.33497536945812806,0.6204918032786886,1.5736515456683016
fold_1,local_global_pair_resnet18_chrid_weighted_ce_fold_1,0.21000000000000002,0.6301296487627899,0.21059076806778346,0.25263157894736843,0.5818636950135457,2.3332409733498034,0.6301296487627899,0.21059076806778346,0.2569832402234637,0.5799211061329625,2.3332409733498034
fold_2,local_global_pair_resnet18_chrid_weighted_ce_fold_2,0.01,0.6209017060434577,0.2296195661843518,0.27,0.5899532221390409,2.592385206517221,0.6209017060434577,0.2296195661843518,0.22346368715083798,0.5676163285424,2.592385206517221
fold_3,local_global_pair_resnet18_chrid_weighted_ce_fold_3,0.48000000000000004,0.5365099487906506,0.11419978582604343,0.11764705882352941,0.5331009146798621,2.7261061292374147,0.5365099487906506,0.11419978582604343,0.11891891891891893,0.5334258009696606,2.7261061292374147
fold_4,local_global_pair_resnet18_chrid_weighted_ce_fold_4,0.32,0.5837244142063749,0.1730947751298926,0.21714285714285714,0.5662706196873009,2.3380869920437153,0.5837244142063749,0.1730947751298926,0.22222222222222224,0.5668417219145995,2.3380869920437153
