fold,experiment_name,best_threshold,test_best_auroc,test_best_auprc,test_best_f1,test_best_balanced_acc,test_best_loss,test_05_auroc,test_05_auprc,test_05_f1,test_05_balanced_acc,test_05_loss
fold_0,local_global_pair_resnet18_chrid_mixstyle_weighted_ce_fold_0,0.98,0.7252350530376085,0.2710260037125593,0.2696629213483146,0.5857762777242044,1.8725536872247122,0.7252350530376085,0.2710260037125593,0.31182795698924726,0.6037487945998071,1.8725536872247122
fold_1,local_global_pair_resnet18_chrid_mixstyle_weighted_ce_fold_1,0.97,0.5520118650281628,0.2192243430684941,0.2818181818181818,0.6032381242590309,1.8589256213307945,0.5520118650281628,0.2192243430684941,0.22368421052631576,0.6006277704507472,1.8589256213307945
fold_2,local_global_pair_resnet18_chrid_mixstyle_weighted_ce_fold_2,0.04,0.6730920352089427,0.29442554777143365,0.3076923076923077,0.6122901157356818,2.135954501528501,0.6730920352089427,0.29442554777143365,0.28421052631578947,0.5916039319442572,2.135954501528501
fold_3,local_global_pair_resnet18_chrid_mixstyle_weighted_ce_fold_3,0.98,0.5734924594573718,0.12275235419258146,0.07643312101910828,0.5196794758198267,2.063220035507974,0.5734924594573718,0.12275235419258146,0.18775510204081636,0.5675865719725368,2.063220035507974
fold_4,local_global_pair_resnet18_chrid_mixstyle_weighted_ce_fold_4,0.06999999999999999,0.6283686754566749,0.19477944773862926,0.2666666666666666,0.5897768562891598,2.30566416905149,0.6283686754566749,0.19477944773862926,0.24175824175824173,0.5765690826773935,2.30566416905149
