fold,experiment_name,best_threshold,test_best_auroc,test_best_auprc,test_best_f1,test_best_balanced_acc,test_best_loss,test_05_auroc,test_05_auprc,test_05_f1,test_05_balanced_acc,test_05_loss
fold_0,local_global_pair_resnet18_chrid_balanced_supcon_fold_0,0.19,0.5954586547733848,0.2691048302699363,0.33898305084745767,0.6388621022179364,2.502694239480729,0.5954586547733848,0.2691048302699363,0.35454545454545455,0.6372348119575699,2.502694239480729
fold_1,local_global_pair_resnet18_chrid_balanced_supcon_fold_1,0.01,0.5167857772021959,0.21566236145457465,0.2708333333333333,0.5890579396178623,2.9734750160572085,0.5167857772021959,0.21566236145457465,0.22222222222222224,0.5661944302929596,2.9734750160572085
fold_2,local_global_pair_resnet18_chrid_balanced_supcon_fold_2,0.22,0.5253360705666816,0.2245721190696754,0.25365853658536586,0.5854416694953478,2.8347651241931655,0.5253360705666816,0.2245721190696754,0.2513089005235602,0.5803802677404806,2.8347651241931655
fold_3,local_global_pair_resnet18_chrid_balanced_supcon_fold_3,0.92,0.5506027435851997,0.18242874541546716,0.17073170731707316,0.5478139469367539,2.998712023308987,0.5506027435851997,0.18242874541546716,0.21714285714285714,0.5643218055498758,2.998712023308987
fold_4,local_global_pair_resnet18_chrid_balanced_supcon_fold_4,0.060000000000000005,0.4784491677633485,0.19692994119287,0.2871287128712871,0.6000753192792524,2.8130168390798045,0.4784491677633485,0.19692994119287,0.25842696629213485,0.580906148867314,2.8130168390798045
