threshold_family,quantile,threshold,val_f1,val_recall_abnormal,val_balanced_acc,test_f1,test_precision_abnormal,test_recall_abnormal,test_balanced_acc
global_quantile,0.95,2.0211219561702465,0.21705426356589147,0.4077669902912621,0.6502487433725814,0.3573200992555831,0.2408026755852843,0.6923076923076923,0.7950507394451564
global_quantile,0.975,2.5470634930372653,0.24516129032258063,0.36893203883495146,0.6470103456586105,0.4188790560471976,0.3021276595744681,0.6826923076923077,0.8044258476777613
global_quantile,0.99,3.1470253839682436,0.2781954887218045,0.3592233009708738,0.6516861185705433,0.46357615894039733,0.35353535353535354,0.6730769230769231,0.8077226128216674
