threshold_family,quantile,threshold,val_f1,val_recall_abnormal,val_balanced_acc,test_f1,test_precision_abnormal,test_recall_abnormal,test_balanced_acc
global_quantile,0.95,8.648581584225212e-08,0.08367181153533712,1.0,0.5,0.08563194730341704,0.044731182795698925,1.0,0.5
global_quantile,0.975,8.840599949877514e-08,0.08367181153533712,1.0,0.5,0.08563194730341704,0.044731182795698925,1.0,0.5
global_quantile,0.99,9.050685804368187e-08,0.08367181153533712,1.0,0.5,0.08563194730341704,0.044731182795698925,1.0,0.5
