threshold_family,quantile,threshold,val_f1,val_recall_abnormal,val_balanced_acc,test_f1,test_precision_abnormal,test_recall_abnormal,test_balanced_acc
global_quantile,0.95,0.0016864418983458956,0.21019108280254778,0.32038834951456313,0.6207438201473525,0.32941176470588235,0.23728813559322035,0.5384615384615384,0.7287084819727774
global_quantile,0.975,0.0019378662109375,0.211864406779661,0.24271844660194175,0.597423053088205,0.4087591240875912,0.32941176470588235,0.5384615384615384,0.7435666539673744
global_quantile,0.99,0.0020385646820067515,0.22564102564102564,0.21359223300970873,0.5912819321076912,0.4869565217391304,0.4444444444444444,0.5384615384615384,0.7534721019637723
