threshold_family,quantile,threshold,val_f1,val_recall_abnormal,val_balanced_acc,test_f1,test_precision_abnormal,test_recall_abnormal,test_balanced_acc
global_quantile,0.95,6.189644409460017e-05,0.19682539682539682,0.6019417475728155,0.6979123631481099,0.28099173553719003,0.16966067864271456,0.8173076923076923,0.8150023378242649
global_quantile,0.975,7.690986240049824e-05,0.22095238095238096,0.5631067961165048,0.7008796391930041,0.3206412825651303,0.20253164556962025,0.7692307692307693,0.8137013819138988
global_quantile,0.99,9.841521612543179e-05,0.24827586206896549,0.5242718446601942,0.7005224471527921,0.3696682464454977,0.24528301886792453,0.75,0.8209702836560109
