threshold_family,quantile,threshold,val_f1,val_recall_abnormal,val_balanced_acc,test_f1,test_precision_abnormal,test_recall_abnormal,test_balanced_acc
global_quantile,0.95,1.1920928955078125e-07,0.08367181153533712,1.0,0.5,0.08563194730341704,0.044731182795698925,1.0,0.5
global_quantile,0.975,1.1920928955078125e-07,0.08367181153533712,1.0,0.5,0.08563194730341704,0.044731182795698925,1.0,0.5
global_quantile,0.99,1.7881393432617188e-07,0.08367181153533712,1.0,0.5,0.08563194730341704,0.044731182795698925,1.0,0.5
